kode_provinsi,nama_provinsi,bps_kode_kabupaten_kota,bps_nama_kabupaten_kota,bps_kode_kecamatan,bps_nama_kecamatan,bps_kode_desa_kelurahan,bps_nama_desa_kelurahan,kemendagri_kode_kecamatan,kemendagri_nama_kecamatan,kemendagri_kode_desa_kelurahan,kemendagri_nama_desa_kelurahan,waktu_tempuh_puskes_inap,satuan,tahun,id
32.0,JAWA BARAT,3215.0,KABUPATEN KARAWANG,3215010.0,PANGKALAN,3215010015.0,CIPTASARI,32.15.02,PANGKALAN,32.15.02.2001,CIPTASARI,5.0,MENIT,2021.0,15186
32.0,JAWA BARAT,3215.0,KABUPATEN KARAWANG,3215010.0,PANGKALAN,3215010017.0,TAMANMEKAR,32.15.02,PANGKALAN,32.15.02.2002,TAMANMEKAR,45.0,MENIT,2021.0,15187
32.0,JAWA BARAT,3215.0,KABUPATEN KARAWANG,3215010.0,PANGKALAN,3215010016.0,TAMANSARI,32.15.02,PANGKALAN,32.15.02.2003,TAMANSARI,25.0,MENIT,2021.0,15188
32.0,JAWA BARAT,3215.0,KABUPATEN KARAWANG,3215010.0,PANGKALAN,3215010014.0,JATILAKSANA,32.15.02,PANGKALAN,32.15.02.2004,JATILAKSANA,20.0,MENIT,2021.0,15189
32.0,JAWA BARAT,3215.0,KABUPATEN KARAWANG,3215010.0,PANGKALAN,3215010012.0,CINTAASIH,32.15.02,PANGKALAN,32.15.02.2005,CINTAASIH,15.0,MENIT,2021.0,15190
32.0,JAWA BARAT,3215.0,KABUPATEN KARAWANG,3215010.0,PANGKALAN,3215010011.0,KERTASARI,32.15.02,PANGKALAN,32.15.02.2006,KERTASARI,20.0,MENIT,2021.0,15191
32.0,JAWA BARAT,3215.0,KABUPATEN KARAWANG,3215010.0,PANGKALAN,3215010013.0,MULANGSARI,32.15.02,PANGKALAN,32.15.02.2007,MULANGSARI,45.0,MENIT,2021.0,15192
32.0,JAWA BARAT,3215.0,KABUPATEN KARAWANG,3215010.0,PANGKALAN,3215010001.0,MEDALSARI,32.15.02,PANGKALAN,32.15.02.2008,MEDALSARI,45.0,MENIT,2021.0,15193
32.0,JAWA BARAT,3215.0,KABUPATEN KARAWANG,3215031.0,TELUKJAMBE TIMUR,3215031003.0,TELUKJAMBE,32.15.03,TELUKJAMBE TIMUR,32.15.03.2001,TELUKJAMBE,0.0,MENIT,2021.0,15194
32.0,JAWA BARAT,3215.0,KABUPATEN KARAWANG,3215031.0,TELUKJAMBE TIMUR,3215031006.0,SUKAHARJA,32.15.03,TELUKJAMBE TIMUR,32.15.03.2002,SUKAHARJA,0.0,MENIT,2021.0,15195
32.0,JAWA BARAT,3215.0,KABUPATEN KARAWANG,3215031.0,TELUKJAMBE TIMUR,3215031001.0,SIRNABAYA,32.15.03,TELUKJAMBE TIMUR,32.15.03.2003,SIRNABAYA,10.0,MENIT,2021.0,15196
32.0,JAWA BARAT,3215.0,KABUPATEN KARAWANG,3215031.0,TELUKJAMBE TIMUR,3215031004.0,PUSEURJAYA,32.15.03,TELUKJAMBE TIMUR,32.15.03.2004,PUSEURJAYA,10.0,MENIT,2021.0,15197
32.0,JAWA BARAT,3215.0,KABUPATEN KARAWANG,3215031.0,TELUKJAMBE TIMUR,3215031005.0,SUKALUYU,32.15.03,TELUKJAMBE TIMUR,32.15.03.2005,SUKALUYU,25.0,MENIT,2021.0,15198
32.0,JAWA BARAT,3215.0,KABUPATEN KARAWANG,3215031.0,TELUKJAMBE TIMUR,3215031007.0,WADAS,32.15.03,TELUKJAMBE TIMUR,32.15.03.2006,WADAS,0.0,MENIT,2021.0,15199
32.0,JAWA BARAT,3215.0,KABUPATEN KARAWANG,3215031.0,TELUKJAMBE TIMUR,3215031009.0,PURWADANA,32.15.03,TELUKJAMBE TIMUR,32.15.03.2011,PURWADANA,10.0,MENIT,2021.0,15200
32.0,JAWA BARAT,3215.0,KABUPATEN KARAWANG,3215031.0,TELUKJAMBE TIMUR,3215031008.0,SUKAMAKMUR,32.15.03,TELUKJAMBE TIMUR,32.15.03.2012,SUKAMAKMUR,0.0,MENIT,2021.0,15201
32.0,JAWA BARAT,3215.0,KABUPATEN KARAWANG,3215031.0,TELUKJAMBE TIMUR,3215031002.0,PINAYUNGAN,32.15.03,TELUKJAMBE TIMUR,32.15.03.2019,PINAYUNGAN,10.0,MENIT,2021.0,15202
32.0,JAWA BARAT,3215.0,KABUPATEN KARAWANG,3215020.0,CIAMPEL,3215020005.0,KUTAPOHACI,32.15.04,CIAMPEL,32.15.04.2001,KUTAPOHACI,10.0,MENIT,2021.0,15203
32.0,JAWA BARAT,3215.0,KABUPATEN KARAWANG,3215020.0,CIAMPEL,3215020007.0,PARUNGMULYA,32.15.04,CIAMPEL,32.15.04.2003,PARUNGMULYA,30.0,MENIT,2021.0,15204
32.0,JAWA BARAT,3215.0,KABUPATEN KARAWANG,3215020.0,CIAMPEL,3215020006.0,KUTAMEKAR,32.15.04,CIAMPEL,32.15.04.2004,KUTAMEKAR,20.0,MENIT,2021.0,15205
32.0,JAWA BARAT,3215.0,KABUPATEN KARAWANG,3215020.0,CIAMPEL,3215020004.0,KUTANEGARA,32.15.04,CIAMPEL,32.15.04.2005,KUTANEGARA,15.0,MENIT,2021.0,15206
32.0,JAWA BARAT,3215.0,KABUPATEN KARAWANG,3215020.0,CIAMPEL,3215020003.0,MULYASARI,32.15.04,CIAMPEL,32.15.04.2006,MULYASARI,15.0,MENIT,2021.0,15207
32.0,JAWA BARAT,3215.0,KABUPATEN KARAWANG,3215020.0,CIAMPEL,3215020002.0,MULYASEJATI,32.15.04,CIAMPEL,32.15.04.2007,MULYASEJATI,12000.0,MENIT,2021.0,15208
32.0,JAWA BARAT,3215.0,KABUPATEN KARAWANG,3215020.0,CIAMPEL,3215020001.0,TEGALLEGA,32.15.04,CIAMPEL,32.15.04.2008,TEGALLEGA,20.0,MENIT,2021.0,15209
32.0,JAWA BARAT,3215.0,KABUPATEN KARAWANG,3215040.0,KLARI,3215040013.0,DUREN,32.15.05,KLARI,32.15.05.2001,DUREN,5.0,MENIT,2021.0,15210
32.0,JAWA BARAT,3215.0,KABUPATEN KARAWANG,3215040.0,KLARI,3215040014.0,PANCAWATI,32.15.05,KLARI,32.15.05.2002,PANCAWATI,10.0,MENIT,2021.0,15211
32.0,JAWA BARAT,3215.0,KABUPATEN KARAWANG,3215040.0,KLARI,3215040005.0,WALAHAR,32.15.05,KLARI,32.15.05.2003,WALAHAR,15.0,MENIT,2021.0,15212
32.0,JAWA BARAT,3215.0,KABUPATEN KARAWANG,3215040.0,KLARI,3215040006.0,KIARAPAYUNG,32.15.05,KLARI,32.15.05.2004,KIARAPAYUNG,5.0,MENIT,2021.0,15213
32.0,JAWA BARAT,3215.0,KABUPATEN KARAWANG,3215040.0,KLARI,3215040004.0,SUMURKONDANG,32.15.05,KLARI,32.15.05.2005,SUMURKONDANG,10.0,MENIT,2021.0,15214
32.0,JAWA BARAT,3215.0,KABUPATEN KARAWANG,3215040.0,KLARI,3215040012.0,CIBALONGSARI,32.15.05,KLARI,32.15.05.2006,CIBALONGSARI,10.0,MENIT,2021.0,15215
32.0,JAWA BARAT,3215.0,KABUPATEN KARAWANG,3215040.0,KLARI,3215040011.0,KLARI,32.15.05,KLARI,32.15.05.2007,KLARI,15.0,MENIT,2021.0,15216
32.0,JAWA BARAT,3215.0,KABUPATEN KARAWANG,3215040.0,KLARI,3215040016.0,BELENDUNG,32.15.05,KLARI,32.15.05.2008,BELENDUNG,30.0,MENIT,2021.0,15217
32.0,JAWA BARAT,3215.0,KABUPATEN KARAWANG,3215040.0,KLARI,3215040008.0,ANGGADITA,32.15.05,KLARI,32.15.05.2016,ANGGADITA,15.0,MENIT,2021.0,15218
32.0,JAWA BARAT,3215.0,KABUPATEN KARAWANG,3215040.0,KLARI,3215040007.0,GINTUNGKERTA,32.15.05,KLARI,32.15.05.2017,GINTUNGKERTA,15.0,MENIT,2021.0,15219
32.0,JAWA BARAT,3215.0,KABUPATEN KARAWANG,3215040.0,KLARI,3215040002.0,CURUG,32.15.05,KLARI,32.15.05.2018,CURUG,5.0,MENIT,2021.0,15220
32.0,JAWA BARAT,3215.0,KABUPATEN KARAWANG,3215040.0,KLARI,3215040001.0,KARANGANYAR,32.15.05,KLARI,32.15.05.2019,KARANGANYAR,0.0,MENIT,2021.0,15221
32.0,JAWA BARAT,3215.0,KABUPATEN KARAWANG,3215040.0,KLARI,3215040003.0,CIMAHI,32.15.05,KLARI,32.15.05.2020,CIMAHI,10.0,MENIT,2021.0,15222
32.0,JAWA BARAT,3215.0,KABUPATEN KARAWANG,3215150.0,RENGASDENGKLOK,3215150006.0,RENGASDENGKLOK SELATAN,32.15.06,RENGASDENGKLOK,32.15.06.2001,RENGASDENGKLOK SELATAN,5.0,MENIT,2021.0,15223
32.0,JAWA BARAT,3215.0,KABUPATEN KARAWANG,3215150.0,RENGASDENGKLOK,3215150007.0,RENGASDENGKLOK UTARA,32.15.06,RENGASDENGKLOK,32.15.06.2002,RENGASDENGKLOK UTARA,5.0,MENIT,2021.0,15224
32.0,JAWA BARAT,3215.0,KABUPATEN KARAWANG,3215150.0,RENGASDENGKLOK,3215150008.0,KERTASARI,32.15.06,RENGASDENGKLOK,32.15.06.2003,KERTASARI,10.0,MENIT,2021.0,15225
32.0,JAWA BARAT,3215.0,KABUPATEN KARAWANG,3215150.0,RENGASDENGKLOK,3215150009.0,DEWISARI,32.15.06,RENGASDENGKLOK,32.15.06.2004,DEWISARI,15.0,MENIT,2021.0,15226
32.0,JAWA BARAT,3215.0,KABUPATEN KARAWANG,3215150.0,RENGASDENGKLOK,3215150005.0,AMANSARI,32.15.06,RENGASDENGKLOK,32.15.06.2005,AMANSARI,10.0,MENIT,2021.0,15227
32.0,JAWA BARAT,3215.0,KABUPATEN KARAWANG,3215150.0,RENGASDENGKLOK,3215150003.0,KARYASARI,32.15.06,RENGASDENGKLOK,32.15.06.2006,KARYASARI,15.0,MENIT,2021.0,15228
32.0,JAWA BARAT,3215.0,KABUPATEN KARAWANG,3215150.0,RENGASDENGKLOK,3215150004.0,DUKUHKARYA,32.15.06,RENGASDENGKLOK,32.15.06.2007,DUKUHKARYA,30.0,MENIT,2021.0,15229
32.0,JAWA BARAT,3215.0,KABUPATEN KARAWANG,3215150.0,RENGASDENGKLOK,3215150001.0,KALANGSARI,32.15.06,RENGASDENGKLOK,32.15.06.2008,KALANGSARI,30.0,MENIT,2021.0,15230
32.0,JAWA BARAT,3215.0,KABUPATEN KARAWANG,3215150.0,RENGASDENGKLOK,3215150002.0,KALANGSURYA,32.15.06,RENGASDENGKLOK,32.15.06.2009,KALANGSURYA,60.0,MENIT,2021.0,15231
32.0,JAWA BARAT,3215.0,KABUPATEN KARAWANG,3215140.0,KUTAWALUYA,3215140007.0,WALUYA,32.15.07,KUTAWALUYA,32.15.07.2001,WALUYA,15.0,MENIT,2021.0,15232
32.0,JAWA BARAT,3215.0,KABUPATEN KARAWANG,3215140.0,KUTAWALUYA,3215140004.0,MULYAJAYA,32.15.07,KUTAWALUYA,32.15.07.2002,MULYAJAYA,10.0,MENIT,2021.0,15233
32.0,JAWA BARAT,3215.0,KABUPATEN KARAWANG,3215140.0,KUTAWALUYA,3215140005.0,KUTAKARYA,32.15.07,KUTAWALUYA,32.15.07.2003,KUTAKARYA,10.0,MENIT,2021.0,15234
32.0,JAWA BARAT,3215.0,KABUPATEN KARAWANG,3215140.0,KUTAWALUYA,3215140006.0,KUTAGANDOK,32.15.07,KUTAWALUYA,32.15.07.2004,KUTAGANDOK,10.0,MENIT,2021.0,15235
32.0,JAWA BARAT,3215.0,KABUPATEN KARAWANG,3215140.0,KUTAWALUYA,3215140011.0,KUTAMUKTI,32.15.07,KUTAWALUYA,32.15.07.2005,KUTAMUKTI,10.0,MENIT,2021.0,15236
32.0,JAWA BARAT,3215.0,KABUPATEN KARAWANG,3215140.0,KUTAWALUYA,3215140012.0,KUTAJAYA,32.15.07,KUTAWALUYA,32.15.07.2006,KUTAJAYA,7.0,MENIT,2021.0,15237
32.0,JAWA BARAT,3215.0,KABUPATEN KARAWANG,3215140.0,KUTAWALUYA,3215140008.0,SAMPALAN,32.15.07,KUTAWALUYA,32.15.07.2007,SAMPALAN,3.0,MENIT,2021.0,15238
32.0,JAWA BARAT,3215.0,KABUPATEN KARAWANG,3215140.0,KUTAWALUYA,3215140003.0,SINDANGMULYA,32.15.07,KUTAWALUYA,32.15.07.2008,SINDANGMULYA,7.0,MENIT,2021.0,15239
32.0,JAWA BARAT,3215.0,KABUPATEN KARAWANG,3215140.0,KUTAWALUYA,3215140002.0,SINDANGMUKTI,32.15.07,KUTAWALUYA,32.15.07.2009,SINDANGMUKTI,7.0,MENIT,2021.0,15240
32.0,JAWA BARAT,3215.0,KABUPATEN KARAWANG,3215140.0,KUTAWALUYA,3215140010.0,KUTARAJA,32.15.07,KUTAWALUYA,32.15.07.2010,KUTARAJA,5.0,MENIT,2021.0,15241
32.0,JAWA BARAT,3215.0,KABUPATEN KARAWANG,3215140.0,KUTAWALUYA,3215140009.0,SINDANGSARI,32.15.07,KUTAWALUYA,32.15.07.2011,SINDANGSARI,5.0,MENIT,2021.0,15242
32.0,JAWA BARAT,3215.0,KABUPATEN KARAWANG,3215140.0,KUTAWALUYA,3215140001.0,SINDANGKARYA,32.15.07,KUTAWALUYA,32.15.07.2012,SINDANGKARYA,10.0,MENIT,2021.0,15243
32.0,JAWA BARAT,3215.0,KABUPATEN KARAWANG,3215190.0,BATUJAYA,3215190008.0,BATUJAYA,32.15.08,BATUJAYA,32.15.08.2001,BATUJAYA,5.0,MENIT,2021.0,15244
32.0,JAWA BARAT,3215.0,KABUPATEN KARAWANG,3215190.0,BATUJAYA,3215190005.0,TELUKAMBULU,32.15.08,BATUJAYA,32.15.08.2002,TELUKAMBULU,10.0,MENIT,2021.0,15245
32.0,JAWA BARAT,3215.0,KABUPATEN KARAWANG,3215190.0,BATUJAYA,3215190004.0,TELUKBANGO,32.15.08,BATUJAYA,32.15.08.2003,TELUKBANGO,0.0,MENIT,2021.0,15246
32.0,JAWA BARAT,3215.0,KABUPATEN KARAWANG,3215190.0,BATUJAYA,3215190006.0,KARYABHAKTI,32.15.08,BATUJAYA,32.15.08.2004,KARYABHAKTI,45.0,MENIT,2021.0,15247
32.0,JAWA BARAT,3215.0,KABUPATEN KARAWANG,3215190.0,BATUJAYA,3215190007.0,BATURADEN,32.15.08,BATUJAYA,32.15.08.2005,BATURADEN,10.0,MENIT,2021.0,15248
32.0,JAWA BARAT,3215.0,KABUPATEN KARAWANG,3215190.0,BATUJAYA,3215190009.0,SEGARAN,32.15.08,BATUJAYA,32.15.08.2006,SEGARAN,0.0,MENIT,2021.0,15249
32.0,JAWA BARAT,3215.0,KABUPATEN KARAWANG,3215190.0,BATUJAYA,3215190010.0,SEGARJAYA,32.15.08,BATUJAYA,32.15.08.2007,SEGARJAYA,0.0,MENIT,2021.0,15250
32.0,JAWA BARAT,3215.0,KABUPATEN KARAWANG,3215190.0,BATUJAYA,3215190001.0,KUTAAMPEL,32.15.08,BATUJAYA,32.15.08.2008,KUTAAMPEL,20.0,MENIT,2021.0,15251
32.0,JAWA BARAT,3215.0,KABUPATEN KARAWANG,3215190.0,BATUJAYA,3215190003.0,KARYAMULYA,32.15.08,BATUJAYA,32.15.08.2009,KARYAMULYA,14.0,MENIT,2021.0,15252
32.0,JAWA BARAT,3215.0,KABUPATEN KARAWANG,3215190.0,BATUJAYA,3215190002.0,KARYAMAKMUR,32.15.08,BATUJAYA,32.15.08.2010,KARYAMAKMUR,25.0,MENIT,2021.0,15253
32.0,JAWA BARAT,3215.0,KABUPATEN KARAWANG,3215180.0,TIRTAJAYA,3215180003.0,SABAJAYA,32.15.09,TIRTAJAYA,32.15.09.2001,SABAJAYA,1.0,MENIT,2021.0,15254
32.0,JAWA BARAT,3215.0,KABUPATEN KARAWANG,3215180.0,TIRTAJAYA,3215180002.0,PISANGSAMBO,32.15.09,TIRTAJAYA,32.15.09.2002,PISANGSAMBO,0.0,MENIT,2021.0,15255
32.0,JAWA BARAT,3215.0,KABUPATEN KARAWANG,3215180.0,TIRTAJAYA,3215180004.0,GEMPOLKARYA,32.15.09,TIRTAJAYA,32.15.09.2003,GEMPOLKARYA,0.0,MENIT,2021.0,15256
32.0,JAWA BARAT,3215.0,KABUPATEN KARAWANG,3215180.0,TIRTAJAYA,3215180001.0,MEDANKARYA,32.15.09,TIRTAJAYA,32.15.09.2004,MEDANKARYA,0.0,MENIT,2021.0,15257
32.0,JAWA BARAT,3215.0,KABUPATEN KARAWANG,3215180.0,TIRTAJAYA,3215180010.0,TAMBAKSUMUR,32.15.09,TIRTAJAYA,32.15.09.2005,TAMBAKSUMUR,0.0,MENIT,2021.0,15258
32.0,JAWA BARAT,3215.0,KABUPATEN KARAWANG,3215180.0,TIRTAJAYA,3215180011.0,TAMBAKSARI,32.15.09,TIRTAJAYA,32.15.09.2006,TAMBAKSARI,15.0,MENIT,2021.0,15259
32.0,JAWA BARAT,3215.0,KABUPATEN KARAWANG,3215180.0,TIRTAJAYA,3215180009.0,SUMURLABAN,32.15.09,TIRTAJAYA,32.15.09.2007,SUMURLABAN,5.0,MENIT,2021.0,15260
32.0,JAWA BARAT,3215.0,KABUPATEN KARAWANG,3215180.0,TIRTAJAYA,3215180005.0,SRIJAYA,32.15.09,TIRTAJAYA,32.15.09.2008,SRIJAYA,0.0,MENIT,2021.0,15261
32.0,JAWA BARAT,3215.0,KABUPATEN KARAWANG,3215180.0,TIRTAJAYA,3215180006.0,KUTAMAKMUR,32.15.09,TIRTAJAYA,32.15.09.2009,KUTAMAKMUR,30.0,MENIT,2021.0,15262
32.0,JAWA BARAT,3215.0,KABUPATEN KARAWANG,3215180.0,TIRTAJAYA,3215180007.0,BOLANG,32.15.09,TIRTAJAYA,32.15.09.2010,BOLANG,15.0,MENIT,2021.0,15263
32.0,JAWA BARAT,3215.0,KABUPATEN KARAWANG,3215180.0,TIRTAJAYA,3215180008.0,SRIKAMULYAN,32.15.09,TIRTAJAYA,32.15.09.2011,SRIKAMULYAN,0.0,MENIT,2021.0,15264
32.0,JAWA BARAT,3215.0,KABUPATEN KARAWANG,3215160.0,PEDES,3215160010.0,PAYUNGSARI,32.15.10,PEDES,32.15.10.2001,PAYUNGSARI,200.0,MENIT,2021.0,15265
32.0,JAWA BARAT,3215.0,KABUPATEN KARAWANG,3215160.0,PEDES,3215160007.0,KARANGJAYA,32.15.10,PEDES,32.15.10.2002,KARANGJAYA,20.0,MENIT,2021.0,15266
32.0,JAWA BARAT,3215.0,KABUPATEN KARAWANG,3215160.0,PEDES,3215160006.0,KERTARAHARJA,32.15.10,PEDES,32.15.10.2003,KERTARAHARJA,20.0,MENIT,2021.0,15267
32.0,JAWA BARAT,3215.0,KABUPATEN KARAWANG,3215160.0,PEDES,3215160015.0,SUNGAIBUNTU,32.15.10,PEDES,32.15.10.2005,SUNGAIBUNTU,5.0,MENIT,2021.0,15268
32.0,JAWA BARAT,3215.0,KABUPATEN KARAWANG,3215160.0,PEDES,3215160017.0,DONGKAL,32.15.10,PEDES,32.15.10.2006,DONGKAL,16.0,MENIT,2021.0,15269
32.0,JAWA BARAT,3215.0,KABUPATEN KARAWANG,3215160.0,PEDES,3215160009.0,KERTAMULYA,32.15.10,PEDES,32.15.10.2007,KERTAMULYA,20.0,MENIT,2021.0,15270
32.0,JAWA BARAT,3215.0,KABUPATEN KARAWANG,3215160.0,PEDES,3215160018.0,PUSPASARI,32.15.10,PEDES,32.15.10.2008,PUSPASARI,10.0,MENIT,2021.0,15271
32.0,JAWA BARAT,3215.0,KABUPATEN KARAWANG,3215160.0,PEDES,3215160012.0,LABANJAYA,32.15.10,PEDES,32.15.10.2010,LABANJAYA,15.0,MENIT,2021.0,15272
32.0,JAWA BARAT,3215.0,KABUPATEN KARAWANG,3215160.0,PEDES,3215160001.0,JATIMULYA,32.15.10,PEDES,32.15.10.2012,JATIMULYA,25.0,MENIT,2021.0,15273
32.0,JAWA BARAT,3215.0,KABUPATEN KARAWANG,3215160.0,PEDES,3215160011.0,RANGDUMULYA,32.15.10,PEDES,32.15.10.2016,RANGDUMULYA,15.0,MENIT,2021.0,15274
32.0,JAWA BARAT,3215.0,KABUPATEN KARAWANG,3215160.0,PEDES,3215160016.0,KENDALJAYA,32.15.10,PEDES,32.15.10.2017,KENDALJAYA,20.0,MENIT,2021.0,15275
32.0,JAWA BARAT,3215.0,KABUPATEN KARAWANG,3215160.0,PEDES,3215160008.0,MALANGSARI,32.15.10,PEDES,32.15.10.2018,MALANGSARI,25.0,MENIT,2021.0,15276
32.0,JAWA BARAT,3215.0,KABUPATEN KARAWANG,3215170.0,CIBUAYA,3215170004.0,PEJATEN,32.15.11,CIBUAYA,32.15.11.2001,PEJATEN,10.0,MENIT,2021.0,15277
32.0,JAWA BARAT,3215.0,KABUPATEN KARAWANG,3215170.0,CIBUAYA,3215170003.0,CIBUAYA,32.15.11,CIBUAYA,32.15.11.2002,CIBUAYA,2.0,MENIT,2021.0,15278
32.0,JAWA BARAT,3215.0,KABUPATEN KARAWANG,3215170.0,CIBUAYA,3215170002.0,KERTARAHAYU,32.15.11,CIBUAYA,32.15.11.2003,KERTARAHAYU,20.0,MENIT,2021.0,15279
32.0,JAWA BARAT,3215.0,KABUPATEN KARAWANG,3215170.0,CIBUAYA,3215170001.0,SUKASARI,32.15.11,CIBUAYA,32.15.11.2004,SUKASARI,5.0,MENIT,2021.0,15280
32.0,JAWA BARAT,3215.0,KABUPATEN KARAWANG,3215170.0,CIBUAYA,3215170005.0,KEDUNGJERUK,32.15.11,CIBUAYA,32.15.11.2005,KEDUNGJERUK,10.0,MENIT,2021.0,15281
32.0,JAWA BARAT,3215.0,KABUPATEN KARAWANG,3215170.0,CIBUAYA,3215170006.0,KALIDUNGJAYA,32.15.11,CIBUAYA,32.15.11.2006,KALIDUNGJAYA,40.0,MENIT,2021.0,15282
32.0,JAWA BARAT,3215.0,KABUPATEN KARAWANG,3215170.0,CIBUAYA,3215170011.0,SEDARI,32.15.11,CIBUAYA,32.15.11.2007,SEDARI,60.0,MENIT,2021.0,15283
32.0,JAWA BARAT,3215.0,KABUPATEN KARAWANG,3215170.0,CIBUAYA,3215170010.0,CEMARAJAYA,32.15.11,CIBUAYA,32.15.11.2008,CEMARAJAYA,20.0,MENIT,2021.0,15284
32.0,JAWA BARAT,3215.0,KABUPATEN KARAWANG,3215170.0,CIBUAYA,3215170008.0,JAYAMULYA,32.15.11,CIBUAYA,32.15.11.2009,JAYAMULYA,10.0,MENIT,2021.0,15285
32.0,JAWA BARAT,3215.0,KABUPATEN KARAWANG,3215170.0,CIBUAYA,3215170007.0,KEDUNGJAYA,32.15.11,CIBUAYA,32.15.11.2010,KEDUNGJAYA,0.0,MENIT,2021.0,15286
32.0,JAWA BARAT,3215.0,KABUPATEN KARAWANG,3215170.0,CIBUAYA,3215170009.0,GEBANGJAYA,32.15.11,CIBUAYA,32.15.11.2011,GEBANGJAYA,5.0,MENIT,2021.0,15287
32.0,JAWA BARAT,3215.0,KABUPATEN KARAWANG,3215200.0,PAKISJAYA,3215200006.0,TANJUNGMEKAR,32.15.12,PAKISJAYA,32.15.12.2001,TANJUNGMEKAR,15.0,MENIT,2021.0,15288
32.0,JAWA BARAT,3215.0,KABUPATEN KARAWANG,3215200.0,PAKISJAYA,3215200001.0,TELAGAJAYA,32.15.12,PAKISJAYA,32.15.12.2002,TELAGAJAYA,15.0,MENIT,2021.0,15289
32.0,JAWA BARAT,3215.0,KABUPATEN KARAWANG,3215200.0,PAKISJAYA,3215200002.0,TELUKBUYUNG,32.15.12,PAKISJAYA,32.15.12.2003,TELUKBUYUNG,15.0,MENIT,2021.0,15290
32.0,JAWA BARAT,3215.0,KABUPATEN KARAWANG,3215200.0,PAKISJAYA,3215200003.0,TANAHBARU,32.15.12,PAKISJAYA,32.15.12.2004,TANAHBARU,5.0,MENIT,2021.0,15291
32.0,JAWA BARAT,3215.0,KABUPATEN KARAWANG,3215200.0,PAKISJAYA,3215200004.0,SOLOKAN,32.15.12,PAKISJAYA,32.15.12.2005,SOLOKAN,5.0,MENIT,2021.0,15292
32.0,JAWA BARAT,3215.0,KABUPATEN KARAWANG,3215200.0,PAKISJAYA,3215200005.0,TANJUNGBUNGIN,32.15.12,PAKISJAYA,32.15.12.2006,TANJUNGBUNGIN,5.0,MENIT,2021.0,15293
32.0,JAWA BARAT,3215.0,KABUPATEN KARAWANG,3215200.0,PAKISJAYA,3215200008.0,TELUKJAYA,32.15.12,PAKISJAYA,32.15.12.2007,TELUKJAYA,15.0,MENIT,2021.0,15294
32.0,JAWA BARAT,3215.0,KABUPATEN KARAWANG,3215200.0,PAKISJAYA,3215200007.0,TANJUNGPAKIS,32.15.12,PAKISJAYA,32.15.12.2008,TANJUNGPAKIS,30.0,MENIT,2021.0,15295
32.0,JAWA BARAT,3215.0,KABUPATEN KARAWANG,3215050.0,CIKAMPEK,3215050012.0,DAWUAN TIMUR,32.15.13,CIKAMPEK,32.15.13.2001,DAWUAN TIMUR,15.0,MENIT,2021.0,15296
32.0,JAWA BARAT,3215.0,KABUPATEN KARAWANG,3215050.0,CIKAMPEK,3215050001.0,KALIHURIP,32.15.13,CIKAMPEK,32.15.13.2002,KALIHURIP,7.0,MENIT,2021.0,15297
32.0,JAWA BARAT,3215.0,KABUPATEN KARAWANG,3215050.0,CIKAMPEK,3215050009.0,CIKAMPEK KOTA,32.15.13,CIKAMPEK,32.15.13.2003,CIKAMPEK KOTA,10.0,MENIT,2021.0,15298
32.0,JAWA BARAT,3215.0,KABUPATEN KARAWANG,3215050.0,CIKAMPEK,3215050013.0,DAWUAN TENGAH,32.15.13,CIKAMPEK,32.15.13.2004,DAWUAN TENGAH,10.0,MENIT,2021.0,15299
32.0,JAWA BARAT,3215.0,KABUPATEN KARAWANG,3215050.0,CIKAMPEK,3215050008.0,CIKAMPEK SELATAN,32.15.13,CIKAMPEK,32.15.13.2006,CIKAMPEK SELATAN,5.0,MENIT,2021.0,15300
32.0,JAWA BARAT,3215.0,KABUPATEN KARAWANG,3215050.0,CIKAMPEK,3215050007.0,CIKAMPEK PUSAKA,32.15.13,CIKAMPEK,32.15.13.2007,CIKAMPEK PUSAKA,10.0,MENIT,2021.0,15301
32.0,JAWA BARAT,3215.0,KABUPATEN KARAWANG,3215050.0,CIKAMPEK,3215050011.0,CIKAMPEK BARAT,32.15.13,CIKAMPEK,32.15.13.2008,CIKAMPEK BARAT,3.0,MENIT,2021.0,15302
32.0,JAWA BARAT,3215.0,KABUPATEN KARAWANG,3215050.0,CIKAMPEK,3215050006.0,CIKAMPEK TIMUR,32.15.13,CIKAMPEK,32.15.13.2009,CIKAMPEK TIMUR,0.0,MENIT,2021.0,15303
32.0,JAWA BARAT,3215.0,KABUPATEN KARAWANG,3215050.0,CIKAMPEK,3215050002.0,KAMOJING,32.15.13,CIKAMPEK,32.15.13.2010,KAMOJING,7.0,MENIT,2021.0,15304
32.0,JAWA BARAT,3215.0,KABUPATEN KARAWANG,3215050.0,CIKAMPEK,3215050014.0,DAWUAN BARAT,32.15.13,CIKAMPEK,32.15.13.2011,DAWUAN BARAT,15.0,MENIT,2021.0,15305
32.0,JAWA BARAT,3215.0,KABUPATEN KARAWANG,3215070.0,JATISARI,3215070010.0,MEKARSARI,32.15.14,JATISARI,32.15.14.2001,MEKARSARI,5.0,MENIT,2021.0,15306
32.0,JAWA BARAT,3215.0,KABUPATEN KARAWANG,3215070.0,JATISARI,3215070011.0,JATISARI,32.15.14,JATISARI,32.15.14.2002,JATISARI,5.0,MENIT,2021.0,15307
32.0,JAWA BARAT,3215.0,KABUPATEN KARAWANG,3215070.0,JATISARI,3215070004.0,BARUGBUG,32.15.14,JATISARI,32.15.14.2003,BARUGBUG,20.0,MENIT,2021.0,15308
32.0,JAWA BARAT,3215.0,KABUPATEN KARAWANG,3215070.0,JATISARI,3215070013.0,CIKALONGSARI,32.15.14,JATISARI,32.15.14.2004,CIKALONGSARI,0.0,MENIT,2021.0,15309
32.0,JAWA BARAT,3215.0,KABUPATEN KARAWANG,3215070.0,JATISARI,3215070012.0,CIREJAG,32.15.14,JATISARI,32.15.14.2005,CIREJAG,15.0,MENIT,2021.0,15310
32.0,JAWA BARAT,3215.0,KABUPATEN KARAWANG,3215070.0,JATISARI,3215070016.0,JATIBARU,32.15.14,JATISARI,32.15.14.2006,JATIBARU,15.0,MENIT,2021.0,15311
32.0,JAWA BARAT,3215.0,KABUPATEN KARAWANG,3215070.0,JATISARI,3215070014.0,JATIRAGAS,32.15.14,JATISARI,32.15.14.2007,JATIRAGAS,0.0,MENIT,2021.0,15312
32.0,JAWA BARAT,3215.0,KABUPATEN KARAWANG,3215070.0,JATISARI,3215070015.0,JATIWANGI,32.15.14,JATISARI,32.15.14.2008,JATIWANGI,15.0,MENIT,2021.0,15313
32.0,JAWA BARAT,3215.0,KABUPATEN KARAWANG,3215070.0,JATISARI,3215070009.0,KALIJATI,32.15.14,JATISARI,32.15.14.2009,KALIJATI,10.0,MENIT,2021.0,15314
32.0,JAWA BARAT,3215.0,KABUPATEN KARAWANG,3215070.0,JATISARI,3215070006.0,BALONGGANDU,32.15.14,JATISARI,32.15.14.2010,BALONGGANDU,5.0,MENIT,2021.0,15315
32.0,JAWA BARAT,3215.0,KABUPATEN KARAWANG,3215070.0,JATISARI,3215070019.0,PACING,32.15.14,JATISARI,32.15.14.2011,PACING,15.0,MENIT,2021.0,15316
32.0,JAWA BARAT,3215.0,KABUPATEN KARAWANG,3215070.0,JATISARI,3215070005.0,SITUDAM,32.15.14,JATISARI,32.15.14.2012,SITUDAM,20.0,MENIT,2021.0,15317
32.0,JAWA BARAT,3215.0,KABUPATEN KARAWANG,3215070.0,JATISARI,3215070018.0,SUKAMEKAR,32.15.14,JATISARI,32.15.14.2013,SUKAMEKAR,20.0,MENIT,2021.0,15318
32.0,JAWA BARAT,3215.0,KABUPATEN KARAWANG,3215070.0,JATISARI,3215070017.0,TELARSARI,32.15.14,JATISARI,32.15.14.2014,TELARSARI,15.0,MENIT,2021.0,15319
32.0,JAWA BARAT,3215.0,KABUPATEN KARAWANG,3215081.0,CILAMAYA WETAN,3215081005.0,MEKARMAYA,32.15.15,CILAMAYA WETAN,32.15.15.2001,MEKARMAYA,0.0,MENIT,2021.0,15320
32.0,JAWA BARAT,3215.0,KABUPATEN KARAWANG,3215081.0,CILAMAYA WETAN,3215081006.0,CILAMAYA,32.15.15,CILAMAYA WETAN,32.15.15.2002,CILAMAYA,5.0,MENIT,2021.0,15321
32.0,JAWA BARAT,3215.0,KABUPATEN KARAWANG,3215081.0,CILAMAYA WETAN,3215081012.0,MUARA,32.15.15,CILAMAYA WETAN,32.15.15.2003,MUARA,0.0,MENIT,2021.0,15322
32.0,JAWA BARAT,3215.0,KABUPATEN KARAWANG,3215081.0,CILAMAYA WETAN,3215081011.0,MUARABARU,32.15.15,CILAMAYA WETAN,32.15.15.2004,MUARABARU,15.0,MENIT,2021.0,15323
32.0,JAWA BARAT,3215.0,KABUPATEN KARAWANG,3215081.0,CILAMAYA WETAN,3215081007.0,SUKATANI,32.15.15,CILAMAYA WETAN,32.15.15.2005,SUKATANI,20.0,MENIT,2021.0,15324
32.0,JAWA BARAT,3215.0,KABUPATEN KARAWANG,3215081.0,CILAMAYA WETAN,3215081004.0,TEGALWARU,32.15.15,CILAMAYA WETAN,32.15.15.2006,TEGALWARU,0.0,MENIT,2021.0,15325
32.0,JAWA BARAT,3215.0,KABUPATEN KARAWANG,3215081.0,CILAMAYA WETAN,3215081003.0,TEGALSARI,32.15.15,CILAMAYA WETAN,32.15.15.2007,TEGALSARI,23.0,MENIT,2021.0,15326
32.0,JAWA BARAT,3215.0,KABUPATEN KARAWANG,3215081.0,CILAMAYA WETAN,3215081002.0,CIKALONG,32.15.15,CILAMAYA WETAN,32.15.15.2008,CIKALONG,15.0,MENIT,2021.0,15327
32.0,JAWA BARAT,3215.0,KABUPATEN KARAWANG,3215081.0,CILAMAYA WETAN,3215081001.0,CIKARANG,32.15.15,CILAMAYA WETAN,32.15.15.2009,CIKARANG,15.0,MENIT,2021.0,15328
32.0,JAWA BARAT,3215.0,KABUPATEN KARAWANG,3215081.0,CILAMAYA WETAN,3215081010.0,RAWAGEMPOL WETAN,32.15.15,CILAMAYA WETAN,32.15.15.2010,RAWAGEMPOL WETAN,0.0,MENIT,2021.0,15329
32.0,JAWA BARAT,3215.0,KABUPATEN KARAWANG,3215081.0,CILAMAYA WETAN,3215081009.0,RAWAGEMPOL KULON,32.15.15,CILAMAYA WETAN,32.15.15.2011,RAWAGEMPOL KULON,0.0,MENIT,2021.0,15330
32.0,JAWA BARAT,3215.0,KABUPATEN KARAWANG,3215081.0,CILAMAYA WETAN,3215081008.0,SUKAKERTA,32.15.15,CILAMAYA WETAN,32.15.15.2012,SUKAKERTA,15.0,MENIT,2021.0,15331
32.0,JAWA BARAT,3215.0,KABUPATEN KARAWANG,3215060.0,TIRTAMULYA,3215060005.0,CITARIK,32.15.16,TIRTAMULYA,32.15.16.2001,CITARIK,45.0,MENIT,2021.0,15332
32.0,JAWA BARAT,3215.0,KABUPATEN KARAWANG,3215060.0,TIRTAMULYA,3215060002.0,KARANGSINOM,32.15.16,TIRTAMULYA,32.15.16.2002,KARANGSINOM,30.0,MENIT,2021.0,15333
32.0,JAWA BARAT,3215.0,KABUPATEN KARAWANG,3215060.0,TIRTAMULYA,3215060003.0,KARANGJAYA,32.15.16,TIRTAMULYA,32.15.16.2003,KARANGJAYA,14.0,MENIT,2021.0,15334
32.0,JAWA BARAT,3215.0,KABUPATEN KARAWANG,3215060.0,TIRTAMULYA,3215060007.0,PARAKAN,32.15.16,TIRTAMULYA,32.15.16.2004,PARAKAN,15.0,MENIT,2021.0,15335
32.0,JAWA BARAT,3215.0,KABUPATEN KARAWANG,3215060.0,TIRTAMULYA,3215060004.0,PARAKANMULYA,32.15.16,TIRTAMULYA,32.15.16.2005,PARAKANMULYA,15.0,MENIT,2021.0,15336
32.0,JAWA BARAT,3215.0,KABUPATEN KARAWANG,3215060.0,TIRTAMULYA,3215060008.0,KAMURANG,32.15.16,TIRTAMULYA,32.15.16.2006,KAMURANG,15.0,MENIT,2021.0,15337
32.0,JAWA BARAT,3215.0,KABUPATEN KARAWANG,3215060.0,TIRTAMULYA,3215060010.0,CIPONDOH,32.15.16,TIRTAMULYA,32.15.16.2007,CIPONDOH,7.0,MENIT,2021.0,15338
32.0,JAWA BARAT,3215.0,KABUPATEN KARAWANG,3215060.0,TIRTAMULYA,3215060011.0,KERTAWALUYA,32.15.16,TIRTAMULYA,32.15.16.2008,KERTAWALUYA,60.0,MENIT,2021.0,15339
32.0,JAWA BARAT,3215.0,KABUPATEN KARAWANG,3215060.0,TIRTAMULYA,3215060009.0,BOJONGSARI,32.15.16,TIRTAMULYA,32.15.16.2009,BOJONGSARI,20.0,MENIT,2021.0,15340
32.0,JAWA BARAT,3215.0,KABUPATEN KARAWANG,3215060.0,TIRTAMULYA,3215060006.0,TIRTASARI,32.15.16,TIRTAMULYA,32.15.16.2010,TIRTASARI,20.0,MENIT,2021.0,15341
32.0,JAWA BARAT,3215.0,KABUPATEN KARAWANG,3215100.0,TELAGASARI,3215100002.0,TELAGAMULYA,32.15.17,TELAGASARI,32.15.17.2001,TELAGAMULYA,15.0,MENIT,2021.0,15342
32.0,JAWA BARAT,3215.0,KABUPATEN KARAWANG,3215100.0,TELAGASARI,3215100011.0,TELAGASARI,32.15.17,TELAGASARI,32.15.17.2002,TELAGASARI,15.0,MENIT,2021.0,15343
32.0,JAWA BARAT,3215.0,KABUPATEN KARAWANG,3215100.0,TELAGASARI,3215100001.0,PASIRTALAGA,32.15.17,TELAGASARI,32.15.17.2003,PASIRTALAGA,10.0,MENIT,2021.0,15344
32.0,JAWA BARAT,3215.0,KABUPATEN KARAWANG,3215100.0,TELAGASARI,3215100003.0,CARIUMULYA,32.15.17,TELAGASARI,32.15.17.2004,CARIUMULYA,20.0,MENIT,2021.0,15345
32.0,JAWA BARAT,3215.0,KABUPATEN KARAWANG,3215100.0,TELAGASARI,3215100012.0,PASIRMUKTI,32.15.17,TELAGASARI,32.15.17.2005,PASIRMUKTI,25.0,MENIT,2021.0,15346
32.0,JAWA BARAT,3215.0,KABUPATEN KARAWANG,3215100.0,TELAGASARI,3215100010.0,KALIBUAYA,32.15.17,TELAGASARI,32.15.17.2006,KALIBUAYA,10.0,MENIT,2021.0,15347
32.0,JAWA BARAT,3215.0,KABUPATEN KARAWANG,3215100.0,TELAGASARI,3215100013.0,PASIRKAMUNING,32.15.17,TELAGASARI,32.15.17.2007,PASIRKAMUNING,25.0,MENIT,2021.0,15348
32.0,JAWA BARAT,3215.0,KABUPATEN KARAWANG,3215100.0,TELAGASARI,3215100008.0,KALIJAYA,32.15.17,TELAGASARI,32.15.17.2008,KALIJAYA,45.0,MENIT,2021.0,15349
32.0,JAWA BARAT,3215.0,KABUPATEN KARAWANG,3215100.0,TELAGASARI,3215100014.0,KALISARI,32.15.17,TELAGASARI,32.15.17.2009,KALISARI,25.0,MENIT,2021.0,15350
32.0,JAWA BARAT,3215.0,KABUPATEN KARAWANG,3215100.0,TELAGASARI,3215100009.0,CADAS KERTAJAYA,32.15.17,TELAGASARI,32.15.17.2010,CADAS KERTAJAYA,25.0,MENIT,2021.0,15351
32.0,JAWA BARAT,3215.0,KABUPATEN KARAWANG,3215100.0,TELAGASARI,3215100004.0,CILEWO,32.15.17,TELAGASARI,32.15.17.2011,CILEWO,25.0,MENIT,2021.0,15352
32.0,JAWA BARAT,3215.0,KABUPATEN KARAWANG,3215100.0,TELAGASARI,3215100007.0,CIWULAN,32.15.17,TELAGASARI,32.15.17.2012,CIWULAN,45.0,MENIT,2021.0,15353
32.0,JAWA BARAT,3215.0,KABUPATEN KARAWANG,3215100.0,TELAGASARI,3215100005.0,LINGGARSARI,32.15.17,TELAGASARI,32.15.17.2013,LINGGARSARI,30.0,MENIT,2021.0,15354
32.0,JAWA BARAT,3215.0,KABUPATEN KARAWANG,3215100.0,TELAGASARI,3215100006.0,PULOSARI,32.15.17,TELAGASARI,32.15.17.2014,PULOSARI,20.0,MENIT,2021.0,15355
32.0,JAWA BARAT,3215.0,KABUPATEN KARAWANG,3215120.0,RAWAMERTA,3215120004.0,SUKAMERTA,32.15.18,RAWAMERTA,32.15.18.2001,SUKAMERTA,1.0,MENIT,2021.0,15356
32.0,JAWA BARAT,3215.0,KABUPATEN KARAWANG,3215120.0,RAWAMERTA,3215120002.0,KUTAWARGI,32.15.18,RAWAMERTA,32.15.18.2002,KUTAWARGI,5.0,MENIT,2021.0,15357
32.0,JAWA BARAT,3215.0,KABUPATEN KARAWANG,3215120.0,RAWAMERTA,3215120010.0,PANYINGKIRAN,32.15.18,RAWAMERTA,32.15.18.2003,PANYINGKIRAN,15.0,MENIT,2021.0,15358
32.0,JAWA BARAT,3215.0,KABUPATEN KARAWANG,3215120.0,RAWAMERTA,3215120001.0,PASIRKALIKI,32.15.18,RAWAMERTA,32.15.18.2004,PASIRKALIKI,5.0,MENIT,2021.0,15359
32.0,JAWA BARAT,3215.0,KABUPATEN KARAWANG,3215120.0,RAWAMERTA,3215120005.0,PASIRAWI,32.15.18,RAWAMERTA,32.15.18.2005,PASIRAWI,15.0,MENIT,2021.0,15360
32.0,JAWA BARAT,3215.0,KABUPATEN KARAWANG,3215120.0,RAWAMERTA,3215120006.0,BALONGSARI,32.15.18,RAWAMERTA,32.15.18.2006,BALONGSARI,15.0,MENIT,2021.0,15361
32.0,JAWA BARAT,3215.0,KABUPATEN KARAWANG,3215120.0,RAWAMERTA,3215120008.0,MEKARJAYA,32.15.18,RAWAMERTA,32.15.18.2007,MEKARJAYA,5.0,MENIT,2021.0,15362
32.0,JAWA BARAT,3215.0,KABUPATEN KARAWANG,3215120.0,RAWAMERTA,3215120009.0,SEKARWANGI,32.15.18,RAWAMERTA,32.15.18.2008,SEKARWANGI,0.0,MENIT,2021.0,15363
32.0,JAWA BARAT,3215.0,KABUPATEN KARAWANG,3215120.0,RAWAMERTA,3215120007.0,PURWAMEKAR,32.15.18,RAWAMERTA,32.15.18.2009,PURWAMEKAR,10.0,MENIT,2021.0,15364
32.0,JAWA BARAT,3215.0,KABUPATEN KARAWANG,3215120.0,RAWAMERTA,3215120011.0,SUKAPURA,32.15.18,RAWAMERTA,32.15.18.2010,SUKAPURA,10.0,MENIT,2021.0,15365
32.0,JAWA BARAT,3215.0,KABUPATEN KARAWANG,3215120.0,RAWAMERTA,3215120003.0,CIBADAK,32.15.18,RAWAMERTA,32.15.18.2011,CIBADAK,15.0,MENIT,2021.0,15366
32.0,JAWA BARAT,3215.0,KABUPATEN KARAWANG,3215120.0,RAWAMERTA,3215120013.0,SUKARAJA,32.15.18,RAWAMERTA,32.15.18.2012,SUKARAJA,25.0,MENIT,2021.0,15367
32.0,JAWA BARAT,3215.0,KABUPATEN KARAWANG,3215120.0,RAWAMERTA,3215120012.0,GOMBONGSARI,32.15.18,RAWAMERTA,32.15.18.2014,GOMBONGSARI,7000.0,MENIT,2021.0,15368
32.0,JAWA BARAT,3215.0,KABUPATEN KARAWANG,3215090.0,LEMAHABANG,3215090007.0,KARYAMUKTI,32.15.19,LEMAHABANG,32.15.19.2001,KARYAMUKTI,15.0,MENIT,2021.0,15369
32.0,JAWA BARAT,3215.0,KABUPATEN KARAWANG,3215090.0,LEMAHABANG,3215090001.0,CIWARINGIN,32.15.19,LEMAHABANG,32.15.19.2002,CIWARINGIN,20.0,MENIT,2021.0,15370
32.0,JAWA BARAT,3215.0,KABUPATEN KARAWANG,3215090.0,LEMAHABANG,3215090002.0,WARINGINKARYA,32.15.19,LEMAHABANG,32.15.19.2003,WARINGINKARYA,0.0,MENIT,2021.0,15371
32.0,JAWA BARAT,3215.0,KABUPATEN KARAWANG,3215090.0,LEMAHABANG,3215090005.0,KEDAWUNG,32.15.19,LEMAHABANG,32.15.19.2004,KEDAWUNG,10.0,MENIT,2021.0,15372
32.0,JAWA BARAT,3215.0,KABUPATEN KARAWANG,3215090.0,LEMAHABANG,3215090004.0,KARANGTANJUNG,32.15.19,LEMAHABANG,32.15.19.2005,KARANGTANJUNG,0.0,MENIT,2021.0,15373
32.0,JAWA BARAT,3215.0,KABUPATEN KARAWANG,3215090.0,LEMAHABANG,3215090003.0,PASIRTANJUNG,32.15.19,LEMAHABANG,32.15.19.2006,PASIRTANJUNG,0.0,MENIT,2021.0,15374
32.0,JAWA BARAT,3215.0,KABUPATEN KARAWANG,3215090.0,LEMAHABANG,3215090006.0,LEMAHABANG,32.15.19,LEMAHABANG,32.15.19.2007,LEMAHABANG,10.0,MENIT,2021.0,15375
32.0,JAWA BARAT,3215.0,KABUPATEN KARAWANG,3215090.0,LEMAHABANG,3215090010.0,LEMAHMUKTI,32.15.19,LEMAHABANG,32.15.19.2008,LEMAHMUKTI,20.0,MENIT,2021.0,15376
32.0,JAWA BARAT,3215.0,KABUPATEN KARAWANG,3215090.0,LEMAHABANG,3215090008.0,PULOJAYA,32.15.19,LEMAHABANG,32.15.19.2009,PULOJAYA,0.0,MENIT,2021.0,15377
32.0,JAWA BARAT,3215.0,KABUPATEN KARAWANG,3215090.0,LEMAHABANG,3215090009.0,PULOKALAPA,32.15.19,LEMAHABANG,32.15.19.2010,PULOKALAPA,0.0,MENIT,2021.0,15378
32.0,JAWA BARAT,3215.0,KABUPATEN KARAWANG,3215090.0,LEMAHABANG,3215090011.0,PULOMULYA,32.15.19,LEMAHABANG,32.15.19.2011,PULOMULYA,0.0,MENIT,2021.0,15379
32.0,JAWA BARAT,3215.0,KABUPATEN KARAWANG,3215130.0,TEMPURAN,3215130013.0,PANCAKARYA,32.15.20,TEMPURAN,32.15.20.2001,PANCAKARYA,10.0,MENIT,2021.0,15380
32.0,JAWA BARAT,3215.0,KABUPATEN KARAWANG,3215130.0,TEMPURAN,3215130001.0,DAYEUHLUHUR,32.15.20,TEMPURAN,32.15.20.2002,DAYEUHLUHUR,15.0,MENIT,2021.0,15381
32.0,JAWA BARAT,3215.0,KABUPATEN KARAWANG,3215130.0,TEMPURAN,3215130003.0,LEMAHDUHUR,32.15.20,TEMPURAN,32.15.20.2003,LEMAHDUHUR,5.0,MENIT,2021.0,15382
32.0,JAWA BARAT,3215.0,KABUPATEN KARAWANG,3215130.0,TEMPURAN,3215130002.0,LEMAHKARYA,32.15.20,TEMPURAN,32.15.20.2004,LEMAHKARYA,20.0,MENIT,2021.0,15383
32.0,JAWA BARAT,3215.0,KABUPATEN KARAWANG,3215130.0,TEMPURAN,3215130004.0,LEMAHSUBUR,32.15.20,TEMPURAN,32.15.20.2005,LEMAHSUBUR,10.0,MENIT,2021.0,15384
32.0,JAWA BARAT,3215.0,KABUPATEN KARAWANG,3215130.0,TEMPURAN,3215130005.0,LEMAHMAKMUR,32.15.20,TEMPURAN,32.15.20.2006,LEMAHMAKMUR,15.0,MENIT,2021.0,15385
32.0,JAWA BARAT,3215.0,KABUPATEN KARAWANG,3215130.0,TEMPURAN,3215130007.0,PURWAJAYA,32.15.20,TEMPURAN,32.15.20.2008,PURWAJAYA,15.0,MENIT,2021.0,15386
32.0,JAWA BARAT,3215.0,KABUPATEN KARAWANG,3215130.0,TEMPURAN,3215130014.0,TANJUNGJAYA,32.15.20,TEMPURAN,32.15.20.2010,TANJUNGJAYA,5.0,MENIT,2021.0,15387
32.0,JAWA BARAT,3215.0,KABUPATEN KARAWANG,3215130.0,TEMPURAN,3215130012.0,SUMBERJAYA,32.15.20,TEMPURAN,32.15.20.2011,SUMBERJAYA,5.0,MENIT,2021.0,15388
32.0,JAWA BARAT,3215.0,KABUPATEN KARAWANG,3215130.0,TEMPURAN,3215130006.0,PAGADUNGAN,32.15.20,TEMPURAN,32.15.20.2012,PAGADUNGAN,15.0,MENIT,2021.0,15389
32.0,JAWA BARAT,3215.0,KABUPATEN KARAWANG,3215130.0,TEMPURAN,3215130009.0,TEMPURAN,32.15.20,TEMPURAN,32.15.20.2013,TEMPURAN,10.0,MENIT,2021.0,15390
32.0,JAWA BARAT,3215.0,KABUPATEN KARAWANG,3215130.0,TEMPURAN,3215130011.0,CIKUNTUL,32.15.20,TEMPURAN,32.15.20.2014,CIKUNTUL,15.0,MENIT,2021.0,15391
32.0,JAWA BARAT,3215.0,KABUPATEN KARAWANG,3215130.0,TEMPURAN,3215130008.0,JAYANEGARA,32.15.20,TEMPURAN,32.15.20.2016,JAYANEGARA,30.0,MENIT,2021.0,15392
32.0,JAWA BARAT,3215.0,KABUPATEN KARAWANG,3215130.0,TEMPURAN,3215130010.0,CIPARAGEJAYA,32.15.20,TEMPURAN,32.15.20.2017,CIPARAGEJAYA,20.0,MENIT,2021.0,15393
32.0,JAWA BARAT,3215.0,KABUPATEN KARAWANG,3215111.0,MAJALAYA,3215111002.0,MAJALAYA,32.15.21,MAJALAYA,32.15.21.2001,MAJALAYA,0.0,MENIT,2021.0,15394
32.0,JAWA BARAT,3215.0,KABUPATEN KARAWANG,3215111.0,MAJALAYA,3215111003.0,CIRANGGON,32.15.21,MAJALAYA,32.15.21.2002,CIRANGGON,0.0,MENIT,2021.0,15395
32.0,JAWA BARAT,3215.0,KABUPATEN KARAWANG,3215111.0,MAJALAYA,3215111001.0,PASIRJENGKOL,32.15.21,MAJALAYA,32.15.21.2003,PASIRJENGKOL,120.0,MENIT,2021.0,15396
32.0,JAWA BARAT,3215.0,KABUPATEN KARAWANG,3215111.0,MAJALAYA,3215111004.0,SARIJAYA,32.15.21,MAJALAYA,32.15.21.2005,SARIJAYA,0.0,MENIT,2021.0,15397
32.0,JAWA BARAT,3215.0,KABUPATEN KARAWANG,3215111.0,MAJALAYA,3215111007.0,PASIRMULYA,32.15.21,MAJALAYA,32.15.21.2006,PASIRMULYA,0.0,MENIT,2021.0,15398
32.0,JAWA BARAT,3215.0,KABUPATEN KARAWANG,3215111.0,MAJALAYA,3215111006.0,LEMAHMULYA,32.15.21,MAJALAYA,32.15.21.2007,LEMAHMULYA,0.0,MENIT,2021.0,15399
32.0,JAWA BARAT,3215.0,KABUPATEN KARAWANG,3215111.0,MAJALAYA,3215111005.0,BANGLE,32.15.21,MAJALAYA,32.15.21.2008,BANGLE,0.0,MENIT,2021.0,15400
32.0,JAWA BARAT,3215.0,KABUPATEN KARAWANG,3215151.0,JAYAKERTA,3215151003.0,JAYAMAKMUR,32.15.22,JAYAKERTA,32.15.22.2001,JAYAMAKMUR,5.0,MENIT,2021.0,15401
32.0,JAWA BARAT,3215.0,KABUPATEN KARAWANG,3215151.0,JAYAKERTA,3215151001.0,KEMIRI,32.15.22,JAYAKERTA,32.15.22.2002,KEMIRI,5.0,MENIT,2021.0,15402
32.0,JAWA BARAT,3215.0,KABUPATEN KARAWANG,3215151.0,JAYAKERTA,3215151002.0,MAKMURJAYA,32.15.22,JAYAKERTA,32.15.22.2003,MAKMURJAYA,5.0,MENIT,2021.0,15403
32.0,JAWA BARAT,3215.0,KABUPATEN KARAWANG,3215151.0,JAYAKERTA,3215151005.0,KERTAJAYA,32.15.22,JAYAKERTA,32.15.22.2004,KERTAJAYA,10.0,MENIT,2021.0,15404
32.0,JAWA BARAT,3215.0,KABUPATEN KARAWANG,3215151.0,JAYAKERTA,3215151004.0,JAYAKERTA,32.15.22,JAYAKERTA,32.15.22.2005,JAYAKERTA,15.0,MENIT,2021.0,15405
32.0,JAWA BARAT,3215.0,KABUPATEN KARAWANG,3215151.0,JAYAKERTA,3215151007.0,MEDANGASEM,32.15.22,JAYAKERTA,32.15.22.2006,MEDANGASEM,5.0,MENIT,2021.0,15406
32.0,JAWA BARAT,3215.0,KABUPATEN KARAWANG,3215151.0,JAYAKERTA,3215151006.0,CIPTAMARGA,32.15.22,JAYAKERTA,32.15.22.2007,CIPTAMARGA,15.0,MENIT,2021.0,15407
32.0,JAWA BARAT,3215.0,KABUPATEN KARAWANG,3215151.0,JAYAKERTA,3215151008.0,KAMPUNGSAWAH,32.15.22,JAYAKERTA,32.15.22.2008,KAMPUNGSAWAH,15.0,MENIT,2021.0,15408
32.0,JAWA BARAT,3215.0,KABUPATEN KARAWANG,3215082.0,CILAMAYA KULON,3215082005.0,SUKAMULYA,32.15.23,CILAMAYA KULON,32.15.23.2001,SUKAMULYA,10.0,MENIT,2021.0,15409
32.0,JAWA BARAT,3215.0,KABUPATEN KARAWANG,3215082.0,CILAMAYA KULON,3215082010.0,TEGALURUNG,32.15.23,CILAMAYA KULON,32.15.23.2002,TEGALURUNG,20.0,MENIT,2021.0,15410
32.0,JAWA BARAT,3215.0,KABUPATEN KARAWANG,3215082.0,CILAMAYA KULON,3215082004.0,LANGENSARI,32.15.23,CILAMAYA KULON,32.15.23.2003,LANGENSARI,12.0,MENIT,2021.0,15411
32.0,JAWA BARAT,3215.0,KABUPATEN KARAWANG,3215082.0,CILAMAYA KULON,3215082003.0,BAYUR LOR,32.15.23,CILAMAYA KULON,32.15.23.2004,BAYUR LOR,25.0,MENIT,2021.0,15412
32.0,JAWA BARAT,3215.0,KABUPATEN KARAWANG,3215082.0,CILAMAYA KULON,3215082002.0,BAYUR KIDUL,32.15.23,CILAMAYA KULON,32.15.23.2005,BAYUR KIDUL,25.0,MENIT,2021.0,15413
32.0,JAWA BARAT,3215.0,KABUPATEN KARAWANG,3215082.0,CILAMAYA KULON,3215082001.0,KIARA,32.15.23,CILAMAYA KULON,32.15.23.2006,KIARA,25.0,MENIT,2021.0,15414
32.0,JAWA BARAT,3215.0,KABUPATEN KARAWANG,3215082.0,CILAMAYA KULON,3215082011.0,MANGGUNGJAYA,32.15.23,CILAMAYA KULON,32.15.23.2007,MANGGUNGJAYA,25.0,MENIT,2021.0,15415
32.0,JAWA BARAT,3215.0,KABUPATEN KARAWANG,3215082.0,CILAMAYA KULON,3215082012.0,SUMURGEDE,32.15.23,CILAMAYA KULON,32.15.23.2008,SUMURGEDE,5.0,MENIT,2021.0,15416
32.0,JAWA BARAT,3215.0,KABUPATEN KARAWANG,3215082.0,CILAMAYA KULON,3215082009.0,MUKTIJAYA,32.15.23,CILAMAYA KULON,32.15.23.2009,MUKTIJAYA,15.0,MENIT,2021.0,15417
32.0,JAWA BARAT,3215.0,KABUPATEN KARAWANG,3215082.0,CILAMAYA KULON,3215082006.0,PASIRUKEM,32.15.23,CILAMAYA KULON,32.15.23.2010,PASIRUKEM,5.0,MENIT,2021.0,15418
32.0,JAWA BARAT,3215.0,KABUPATEN KARAWANG,3215082.0,CILAMAYA KULON,3215082008.0,PASIRJAYA,32.15.23,CILAMAYA KULON,32.15.23.2011,PASIRJAYA,25.0,MENIT,2021.0,15419
32.0,JAWA BARAT,3215.0,KABUPATEN KARAWANG,3215082.0,CILAMAYA KULON,3215082007.0,SUKAJAYA,32.15.23,CILAMAYA KULON,32.15.23.2012,SUKAJAYA,5.0,MENIT,2021.0,15420
32.0,JAWA BARAT,3215.0,KABUPATEN KARAWANG,3215071.0,BANYUSARI,3215071007.0,GEMBONGAN,32.15.24,BANYUSARI,32.15.24.2001,GEMBONGAN,8.0,MENIT,2021.0,15421
32.0,JAWA BARAT,3215.0,KABUPATEN KARAWANG,3215071.0,BANYUSARI,3215071006.0,GEMPOL,32.15.24,BANYUSARI,32.15.24.2002,GEMPOL,6.0,MENIT,2021.0,15422
32.0,JAWA BARAT,3215.0,KABUPATEN KARAWANG,3215071.0,BANYUSARI,3215071005.0,GEMPOL KOLOT,32.15.24,BANYUSARI,32.15.24.2003,GEMPOL KOLOT,6.0,MENIT,2021.0,15423
32.0,JAWA BARAT,3215.0,KABUPATEN KARAWANG,3215071.0,BANYUSARI,3215071009.0,BANYUASIH,32.15.24,BANYUSARI,32.15.24.2004,BANYUASIH,10.0,MENIT,2021.0,15424
32.0,JAWA BARAT,3215.0,KABUPATEN KARAWANG,3215071.0,BANYUSARI,3215071012.0,KERTARAHARJA,32.15.24,BANYUSARI,32.15.24.2005,KERTARAHARJA,0.0,MENIT,2021.0,15425
32.0,JAWA BARAT,3215.0,KABUPATEN KARAWANG,3215071.0,BANYUSARI,3215071011.0,TANJUNG,32.15.24,BANYUSARI,32.15.24.2006,TANJUNG,0.0,MENIT,2021.0,15426
32.0,JAWA BARAT,3215.0,KABUPATEN KARAWANG,3215071.0,BANYUSARI,3215071004.0,JAYAMUKTI,32.15.24,BANYUSARI,32.15.24.2007,JAYAMUKTI,10.0,MENIT,2021.0,15427
32.0,JAWA BARAT,3215.0,KABUPATEN KARAWANG,3215071.0,BANYUSARI,3215071003.0,CICINDE UTARA,32.15.24,BANYUSARI,32.15.24.2008,CICINDE UTARA,10.0,MENIT,2021.0,15428
32.0,JAWA BARAT,3215.0,KABUPATEN KARAWANG,3215071.0,BANYUSARI,3215071002.0,CICINDE SELATAN,32.15.24,BANYUSARI,32.15.24.2009,CICINDE SELATAN,8.0,MENIT,2021.0,15429
32.0,JAWA BARAT,3215.0,KABUPATEN KARAWANG,3215071.0,BANYUSARI,3215071008.0,MEKARASIH,32.15.24,BANYUSARI,32.15.24.2010,MEKARASIH,15.0,MENIT,2021.0,15430
32.0,JAWA BARAT,3215.0,KABUPATEN KARAWANG,3215071.0,BANYUSARI,3215071010.0,TALUNJAYA,32.15.24,BANYUSARI,32.15.24.2011,TALUNJAYA,0.0,MENIT,2021.0,15431
32.0,JAWA BARAT,3215.0,KABUPATEN KARAWANG,3215071.0,BANYUSARI,3215071001.0,PAMEKARAN,32.15.24,BANYUSARI,32.15.24.2012,PAMEKARAN,129.0,MENIT,2021.0,15432
32.0,JAWA BARAT,3215.0,KABUPATEN KARAWANG,3215072.0,KOTA BARU,3215072007.0,WANCIMEKAR,32.15.25,KOTA BARU,32.15.25.2001,WANCIMEKAR,10.0,MENIT,2021.0,15433
32.0,JAWA BARAT,3215.0,KABUPATEN KARAWANG,3215072.0,KOTA BARU,3215072004.0,PANGULAH SELATAN,32.15.25,KOTA BARU,32.15.25.2002,PANGULAH SELATAN,0.0,MENIT,2021.0,15434
32.0,JAWA BARAT,3215.0,KABUPATEN KARAWANG,3215072.0,KOTA BARU,3215072005.0,PANGULAH UTARA,32.15.25,KOTA BARU,32.15.25.2003,PANGULAH UTARA,0.0,MENIT,2021.0,15435
32.0,JAWA BARAT,3215.0,KABUPATEN KARAWANG,3215072.0,KOTA BARU,3215072006.0,PANGULAH BARU,32.15.25,KOTA BARU,32.15.25.2004,PANGULAH BARU,0.0,MENIT,2021.0,15436
32.0,JAWA BARAT,3215.0,KABUPATEN KARAWANG,3215072.0,KOTA BARU,3215072008.0,PUCUNG,32.15.25,KOTA BARU,32.15.25.2005,PUCUNG,0.0,MENIT,2021.0,15437
32.0,JAWA BARAT,3215.0,KABUPATEN KARAWANG,3215072.0,KOTA BARU,3215072003.0,JOMIN TIMUR,32.15.25,KOTA BARU,32.15.25.2006,JOMIN TIMUR,0.0,MENIT,2021.0,15438
32.0,JAWA BARAT,3215.0,KABUPATEN KARAWANG,3215072.0,KOTA BARU,3215072002.0,JOMIN BARAT,32.15.25,KOTA BARU,32.15.25.2007,JOMIN BARAT,15.0,MENIT,2021.0,15439
32.0,JAWA BARAT,3215.0,KABUPATEN KARAWANG,3215072.0,KOTA BARU,3215072001.0,SARIMULYA,32.15.25,KOTA BARU,32.15.25.2008,SARIMULYA,0.0,MENIT,2021.0,15440
32.0,JAWA BARAT,3215.0,KABUPATEN KARAWANG,3215072.0,KOTA BARU,3215072009.0,CILKAMPEK UTARA,32.15.25,KOTA BARU,32.15.25.2009,CILKAMPEK UTARA,1.0,MENIT,2021.0,15441
32.0,JAWA BARAT,3215.0,KABUPATEN KARAWANG,3215112.0,KARAWANG TIMUR,3215112004.0,MARGASARI,32.15.26,KARAWANG TIMUR,32.15.26.2005,MARGASARI,0.0,MENIT,2021.0,15442
32.0,JAWA BARAT,3215.0,KABUPATEN KARAWANG,3215112.0,KARAWANG TIMUR,3215112002.0,WARUNGBAMBU,32.15.26,KARAWANG TIMUR,32.15.26.2006,WARUNGBAMBU,0.0,MENIT,2021.0,15443
32.0,JAWA BARAT,3215.0,KABUPATEN KARAWANG,3215112.0,KARAWANG TIMUR,3215112003.0,KONDANGJAYA,32.15.26,KARAWANG TIMUR,32.15.26.2007,KONDANGJAYA,0.0,MENIT,2021.0,15444
32.0,JAWA BARAT,3215.0,KABUPATEN KARAWANG,3215112.0,KARAWANG TIMUR,3215112008.0,TEGAL SAWAH,32.15.26,KARAWANG TIMUR,32.15.26.2008,TEGAL SAWAH,15.0,MENIT,2021.0,15445
32.0,JAWA BARAT,3215.0,KABUPATEN KARAWANG,3215032.0,TELUKJAMBE BARAT,3215032005.0,MARGAKAYA,32.15.27,TELUKJAMBE BARAT,32.15.27.2001,MARGAKAYA,0.0,MENIT,2021.0,15446
32.0,JAWA BARAT,3215.0,KABUPATEN KARAWANG,3215032.0,TELUKJAMBE BARAT,3215032004.0,MARGAMULYA,32.15.27,TELUKJAMBE BARAT,32.15.27.2002,MARGAMULYA,30.0,MENIT,2021.0,15447
32.0,JAWA BARAT,3215.0,KABUPATEN KARAWANG,3215032.0,TELUKJAMBE BARAT,3215032006.0,KALANGLIGAR,32.15.27,TELUKJAMBE BARAT,32.15.27.2003,KALANGLIGAR,15.0,MENIT,2021.0,15448
32.0,JAWA BARAT,3215.0,KABUPATEN KARAWANG,3215032.0,TELUKJAMBE BARAT,3215032009.0,MEKARMULYA,32.15.27,TELUKJAMBE BARAT,32.15.27.2004,MEKARMULYA,20.0,MENIT,2021.0,15449
32.0,JAWA BARAT,3215.0,KABUPATEN KARAWANG,3215032.0,TELUKJAMBE BARAT,3215032010.0,PARUNGSARI,32.15.27,TELUKJAMBE BARAT,32.15.27.2005,PARUNGSARI,0.0,MENIT,2021.0,15450
32.0,JAWA BARAT,3215.0,KABUPATEN KARAWANG,3215032.0,TELUKJAMBE BARAT,3215032007.0,KARANGMULYA,32.15.27,TELUKJAMBE BARAT,32.15.27.2006,KARANGMULYA,20.0,MENIT,2021.0,15451
32.0,JAWA BARAT,3215.0,KABUPATEN KARAWANG,3215032.0,TELUKJAMBE BARAT,3215032003.0,WANASARI,32.15.27,TELUKJAMBE BARAT,32.15.27.2007,WANASARI,0.0,MENIT,2021.0,15452
32.0,JAWA BARAT,3215.0,KABUPATEN KARAWANG,3215032.0,TELUKJAMBE BARAT,3215032002.0,WANAKERTA,32.15.27,TELUKJAMBE BARAT,32.15.27.2008,WANAKERTA,1.0,MENIT,2021.0,15453
32.0,JAWA BARAT,3215.0,KABUPATEN KARAWANG,3215032.0,TELUKJAMBE BARAT,3215032001.0,WANAJAYA,32.15.27,TELUKJAMBE BARAT,32.15.27.2009,WANAJAYA,0.0,MENIT,2021.0,15454
32.0,JAWA BARAT,3215.0,KABUPATEN KARAWANG,3215032.0,TELUKJAMBE BARAT,3215032008.0,MULYAJAYA,32.15.27,TELUKJAMBE BARAT,32.15.27.2010,MULYAJAYA,40.0,MENIT,2021.0,15455
32.0,JAWA BARAT,3215.0,KABUPATEN KARAWANG,3215011.0,TEGALWARU,3215011002.0,CIGUNUNGSARI,32.15.28,TEGALWARU,32.15.28.2001,CIGUNUNGSARI,15.0,MENIT,2021.0,15456
32.0,JAWA BARAT,3215.0,KABUPATEN KARAWANG,3215011.0,TEGALWARU,3215011004.0,WARGASETRA,32.15.28,TEGALWARU,32.15.28.2002,WARGASETRA,15.0,MENIT,2021.0,15457
32.0,JAWA BARAT,3215.0,KABUPATEN KARAWANG,3215011.0,TEGALWARU,3215011003.0,MEKARBUANA,32.15.28,TEGALWARU,32.15.28.2003,MEKARBUANA,1.0,MENIT,2021.0,15458
32.0,JAWA BARAT,3215.0,KABUPATEN KARAWANG,3215011.0,TEGALWARU,3215011005.0,CINTALAKSANA,32.15.28,TEGALWARU,32.15.28.2004,CINTALAKSANA,5.0,MENIT,2021.0,15459
32.0,JAWA BARAT,3215.0,KABUPATEN KARAWANG,3215011.0,TEGALWARU,3215011006.0,CINTAWARGI,32.15.28,TEGALWARU,32.15.28.2005,CINTAWARGI,10.0,MENIT,2021.0,15460
32.0,JAWA BARAT,3215.0,KABUPATEN KARAWANG,3215011.0,TEGALWARU,3215011007.0,CINTALANGGENG,32.15.28,TEGALWARU,32.15.28.2006,CINTALANGGENG,10.0,MENIT,2021.0,15461
32.0,JAWA BARAT,3215.0,KABUPATEN KARAWANG,3215011.0,TEGALWARU,3215011009.0,KUTALANGGENG,32.15.28,TEGALWARU,32.15.28.2007,KUTALANGGENG,10.0,MENIT,2021.0,15462
32.0,JAWA BARAT,3215.0,KABUPATEN KARAWANG,3215011.0,TEGALWARU,3215011008.0,KUTAMANEUH,32.15.28,TEGALWARU,32.15.28.2008,KUTAMANEUH,20.0,MENIT,2021.0,15463
32.0,JAWA BARAT,3215.0,KABUPATEN KARAWANG,3215011.0,TEGALWARU,3215011001.0,CIPURWASARI,32.15.28,TEGALWARU,32.15.28.2009,CIPURWASARI,15.0,MENIT,2021.0,15464
32.0,JAWA BARAT,3215.0,KABUPATEN KARAWANG,3215051.0,PURWASARI,3215051007.0,DARAWOLONG,32.15.29,PURWASARI,32.15.29.2001,DARAWOLONG,3.0,MENIT,2021.0,15465
32.0,JAWA BARAT,3215.0,KABUPATEN KARAWANG,3215051.0,PURWASARI,3215051005.0,TEGALSARI,32.15.29,PURWASARI,32.15.29.2002,TEGALSARI,10.0,MENIT,2021.0,15466
32.0,JAWA BARAT,3215.0,KABUPATEN KARAWANG,3215051.0,PURWASARI,3215051003.0,PURWASARI,32.15.29,PURWASARI,32.15.29.2003,PURWASARI,5.0,MENIT,2021.0,15467
32.0,JAWA BARAT,3215.0,KABUPATEN KARAWANG,3215051.0,PURWASARI,3215051001.0,MEKARJAYA,32.15.29,PURWASARI,32.15.29.2004,MEKARJAYA,0.0,MENIT,2021.0,15468
32.0,JAWA BARAT,3215.0,KABUPATEN KARAWANG,3215051.0,PURWASARI,3215051002.0,TAMELANG,32.15.29,PURWASARI,32.15.29.2005,TAMELANG,0.0,MENIT,2021.0,15469
32.0,JAWA BARAT,3215.0,KABUPATEN KARAWANG,3215051.0,PURWASARI,3215051008.0,CENGKONG,32.15.29,PURWASARI,32.15.29.2006,CENGKONG,0.0,MENIT,2021.0,15470
32.0,JAWA BARAT,3215.0,KABUPATEN KARAWANG,3215051.0,PURWASARI,3215051004.0,SUKASARI,32.15.29,PURWASARI,32.15.29.2007,SUKASARI,0.0,MENIT,2021.0,15471
32.0,JAWA BARAT,3215.0,KABUPATEN KARAWANG,3215051.0,PURWASARI,3215051006.0,KARANGSARI,32.15.29,PURWASARI,32.15.29.2008,KARANGSARI,0.0,MENIT,2021.0,15472
32.0,JAWA BARAT,3215.0,KABUPATEN KARAWANG,3215161.0,CILEBAR,3215161005.0,KERTAMUKTI,32.15.30,CILEBAR,32.15.30.2001,KERTAMUKTI,5.0,MENIT,2021.0,15473
32.0,JAWA BARAT,3215.0,KABUPATEN KARAWANG,3215161.0,CILEBAR,3215161007.0,RAWASARI,32.15.30,CILEBAR,32.15.30.2002,RAWASARI,0.0,MENIT,2021.0,15474
32.0,JAWA BARAT,3215.0,KABUPATEN KARAWANG,3215161.0,CILEBAR,3215161009.0,PUSAKAJAYA SELATAN,32.15.30,CILEBAR,32.15.30.2003,PUSAKAJAYA SELATAN,15.0,MENIT,2021.0,15475
32.0,JAWA BARAT,3215.0,KABUPATEN KARAWANG,3215161.0,CILEBAR,3215161006.0,CIKANDE,32.15.30,CILEBAR,32.15.30.2004,CIKANDE,0.0,MENIT,2021.0,15476
32.0,JAWA BARAT,3215.0,KABUPATEN KARAWANG,3215161.0,CILEBAR,3215161008.0,KOSAMBIBATU,32.15.30,CILEBAR,32.15.30.2005,KOSAMBIBATU,15.0,MENIT,2021.0,15477
32.0,JAWA BARAT,3215.0,KABUPATEN KARAWANG,3215161.0,CILEBAR,3215161010.0,PUSAKAJAYA UTARA,32.15.30,CILEBAR,32.15.30.2006,PUSAKAJAYA UTARA,15.0,MENIT,2021.0,15478
32.0,JAWA BARAT,3215.0,KABUPATEN KARAWANG,3215161.0,CILEBAR,3215161001.0,SUKARATU,32.15.30,CILEBAR,32.15.30.2007,SUKARATU,20.0,MENIT,2021.0,15479
32.0,JAWA BARAT,3215.0,KABUPATEN KARAWANG,3215161.0,CILEBAR,3215161002.0,CIPTAMARGI,32.15.30,CILEBAR,32.15.30.2008,CIPTAMARGI,20.0,MENIT,2021.0,15480
32.0,JAWA BARAT,3215.0,KABUPATEN KARAWANG,3215161.0,CILEBAR,3215161004.0,MEKARPOHACI,32.15.30,CILEBAR,32.15.30.2009,MEKARPOHACI,40.0,MENIT,2021.0,15481
32.0,JAWA BARAT,3215.0,KABUPATEN KARAWANG,3215161.0,CILEBAR,3215161003.0,TANJUNGSARI,32.15.30,CILEBAR,32.15.30.2010,TANJUNGSARI,5.0,MENIT,2021.0,15482
